class,blook,floor,x,y,notes,ac:a3:1e:62:18:f0,ac:a3:1e:62:18:e0,ac:a3:1e:62:5c:c0,ac:a3:1e:62:5c:d0,24:de:c6:3c:f3:80,ac:a3:1e:61:fe:10,ac:a3:1e:61:fe:00,9c:1c:12:34:81:30,9c:1c:12:34:81:20,ac:a3:1e:62:32:20,ac:a3:1e:62:32:30
204,D,1,0.74 m,1.72 m,en arka sol sıra,-70,-100,-70,-70,-100,-100,-100,-100,-100,-100,-100
204,D,1,0.74 m,1.72 m,en arka sol sıra,-70,-80,-71,-72,-100,-100,-100,-100,-100,-100,-100
204,D,1,0.74 m,1.72 m,en arka sol sıra,-69,-100,-67,-70,-100,-100,-100,-100,-100,-100,-100
204,D,1,0.74 m,1.72 m,en arka sol sıra,-75,-100,-70,-79,-100,-100,-100,-100,-100,-100,-100
204,D,1,0.74 m,1.72 m,en arka sol sıra,-75,-80,-81,-80,-100,-100,-100,-100,-100,-100,-100
204,D,1,0.74 m,1.72 m,en arka sol sıra,-100,-83,-76,-83,-100,-100,-100,-100,-100,-100,-100
204,D,1,0,0,sınıfa donukken,-71,-79,-100,-74,-100,-100,-100,-100,-100,-100,-100
204,D,1,0,0,duvara dönuk,-89,-73,-71,-86,-100,-100,-100,-100,-100,-100,-100
204,D,1,0,0,en arka ters duvara dönuk,-86,-74,-75,-84,-86,-100,-100,-100,-100,-100,-100
204,D,1,0,0,sınıfa dönükken,-100,-80,-74,-80,-100,-100,-100,-100,-100,-100,-100
204,D,1,1.72,1.72,en arka sol ikinci sıra,-74,-74,-65,-77,-100,-100,-100,-100,-100,-100,-100
204,D,1,1.72,1.72,en arka sol ikinci sıra,-67,-73,-66,-83,-100,-100,-100,-100,-100,-100,-100
204,D,1,1.72,1.72,en arka sol ikinci sıra,-100,-80,-74,-80,-86,-100,-100,-100,-100,-100,-100
204,D,1,1.72,1.72,en arka sol ikinci sıra,-78,-80,-73,-85,-100,-100,-100,-100,-100,-100,-100
204,D,1,2.65,1.72,en arka sol  ücüncü sıra,-100,-100,-68,-74,-100,-100,-100,-100,-100,-100,-100
204,D,1,2.65,1.72,en arka sol  ücüncü sıra,-100,-100,-68,-70,-86,-100,-100,-100,-100,-100,-100
204,D,1,2.65,1.72,en arka sol  ücüncü sıra,-100,-100,-68,-71,-86,-100,-100,-100,-100,-100,-100
204,D,1,2.65,1.72,en arka sol  ücüncü sıra,-74,-71,-70,-79,-100,-100,-100,-100,-100,-100,-100
204,D,1,2.65,1.72,en arka sol  ücüncü sıra,-74,-72,-69,-83,-100,-100,-100,-100,-100,-100,-100
204,D,1,2.65,1.72,en arka sol  ücüncü sıra,-100,-74,-69,-80,-100,-100,-100,-100,-100,-100,-100
204,D,1,2.65,1.72,en arka sol  ücüncü sıra,-100,-67,-61,-76,-81,-100,-100,-100,-100,-100,-100
204,D,1,3.58,1.72,en arka sol 4. sıra,-77,-100,-73,-82,-100,-100,-100,-100,-100,-100,-100
204,D,1,3.58,1.72,en arka sol 4. sıra,-77,-74,-68,-78,-100,-100,-100,-100,-100,-100,-100
204,D,1,3.58,1.72,en arka sol 4. sıra,-75,-80,-68,-81,-100,-100,-100,-100,-100,-100,-100
204,D,1,3.58,1.72,en arka sol 4. sıra,-100,-72,-73,-76,-100,-100,-100,-100,-100,-100,-100
204,D,1,3.58,1.72,en arka sol 4. sıra,-69,-100,-70,-77,-82,-100,-100,-100,-100,-100,-100
204,D,1,3.58,1.72,en arka sol 4. sıra,-69,-100,-100,-73,-83,-100,-100,-100,-100,-100,-100
204,D,1,4.50,1.72,en arka sol 5. sıra,-69,-66,-75,-70,-84,-100,-100,-100,-100,-100,-100
204,D,1,4.50,1.72,en arka sol 5. sıra,-100,-66,-75,-68,-86,-100,-100,-100,-100,-100,-100
204,D,1,4.50,1.72,en arka sol 5. sıra,-100,-64,-65,-69,-100,-100,-100,-100,-100,-100,-100
204,D,1,4.50,1.72,en arka sol 5. sıra,-76,-73,-76,-81,-100,-100,-100,-100,-100,-100,-100
204,D,1,4.50,1.72,en arka sol 5. sıra,-76,-72,-74,-81,-86,-100,-100,-100,-100,-100,-100
204,D,1,4.50,1.72,en arka sol 5. sıra,-77,-72,-72,-82,-86,-100,-100,-100,-100,-100,-100
204,D,1,5.42,1.72,en arka sol 6. sıra,-100,-73,-65,-71,-100,-100,-100,-100,-100,-100,-100
204,D,1,5.42,1.72,en arka sol 6. sıra,-100,-71,-63,-69,-100,-100,-100,-100,-100,-100,-100
204,D,1,5.42,1.72,en arka sol 6. sıra,-77,-72,-69,-81,-100,-100,-100,-100,-100,-100,-100
204,D,1,5.42,1.72,en arka sol 6. sıra,-76,-71,-67,-79,-100,-100,-100,-100,-100,-100,-100
204,D,1,5.42,1.72,en arka sol 6. sıra,-75,-77,-73,-80,-86,-100,-100,-100,-100,-100,-100
204,D,1,6.32,1.72,en arka sol 7.sıra,-62,-71,-72,-73,-100,-100,-100,-100,-100,-100,-100
204,D,1,6.32,1.72,en arka sol 7.sıra,-64,-70,-67,-76,-85,-100,-100,-100,-100,-100,-100
204,D,1,6.32,1.72,en arka sol 7.sıra,-64,-71,-68,-71,-88,-100,-100,-100,-100,-100,-100
204,D,1,6.32,1.72,en arka sol 7.sıra,-64,-71,-72,-72,-100,-100,-100,-100,-100,-100,-100
204,D,1,6.32,1.72,en arka sol 7.sıra,-67,-71,-65,-70,-88,-100,-100,-100,-100,-100,-100
204,D,1,6.32,1.72,en arka sol 7.sıra,-77,-100,-72,-100,-86,-100,-100,-100,-100,-100,-100
204,D,1,6.32,1.72,en arka sol 7.sıra,-74,-70,-71,-82,-100,-100,-100,-100,-100,-100,-100
204,D,1,6.32,1.72,en arka sol 7.sıra,-73,-100,-70,-86,-100,-100,-100,-100,-100,-100,-100
204,D,1,6.32,1.72,en arka sol 7.sıra,-73,-86,-69,-83,-100,-100,-100,-100,-100,-100,-100
204,D,1,7.23,1.72,en arka sol 8. sıra,-100,-72,-68,-70,-100,-100,-100,-100,-100,-100,-100
204,D,1,7.23,1.72,en arka sol 8. sıra,-100,-68,-66,-72,-79,-100,-100,-100,-100,-100,-100
204,D,1,7.23,1.72,en arka sol 8. sıra,-61,-68,-69,-69,-80,-100,-100,-100,-100,-100,-100
204,D,1,7.23,1.72,en arka sol 8. sıra,-70,-74,-66,-83,-100,-100,-100,-100,-100,-100,-100
204,D,1,7.23,1.72,en arka sol 8. sıra,-70,-68,-65,-81,-100,-100,-100,-100,-100,-100,-100
204,D,1,7.23,1.72,en arka sol 8. sıra,-70,-63,-65,-78,-80,-100,-100,-100,-100,-100,-100
204,D,1,8.15,1.72,en arka 9.sıra,-65,-100,-68,-75,-81,-100,-100,-100,-100,-100,-100
204,D,1,8.15,1.72,en arka 9.sıra,-100,-100,-69,-75,-81,-100,-100,-100,-100,-100,-100
204,D,1,8.15,1.72,en arka 9.sıra,-74,-72,-71,-71,-76,-100,-100,-100,-100,-100,-100
204,D,1,8.15,1.72,en arka 9.sıra,-73,-68,-70,-76,-100,-100,-100,-100,-100,-100,-100
204,D,1,1.60,0,en arka sol pencere,-100,-71,-64,-80,-100,-100,-100,-100,-100,-100,-100
204,D,1,1.60,0,en arka sol pencere,-100,-74,-77,-73,-80,-100,-100,-100,-100,-100,-100
204,D,1,1.60,0,en arka sol pencere,-73,-72,-70,-79,-100,-100,-100,-100,-100,-100,-100
204,D,1,1.60,0,en arka sol pencere,-75,-72,-69,-78,-86,-100,-100,-100,-100,-100,-100
204,D,1,3.52,0,en arka sol pencere yanı duvar,-100,-72,-70,-76,-80,-100,-100,-100,-100,-100,-100
204,D,1,3.52,0,en arka sol pencere yanı duvar,-100,-74,-77,-73,-80,-100,-100,-100,-100,-100,-100
204,D,1,3.52,0,en arka sol pencere yanı duvar,-100,-100,-80,-80,-86,-100,-100,-100,-100,-100,-100
204,D,1,3.52,0,en arka sol pencere yanı duvar,-79,-74,-72,-77,-86,-100,-100,-100,-100,-100,-100
204,D,1,3.52,0,en arka sol pencere yanı duvar,-79,-74,-65,-74,-100,-100,-100,-100,-100,-100,-100
204,D,1,5.28,0,2.pencere orta pencere,-63,-73,-68,-71,-100,-100,-100,-100,-100,-100,-100
204,D,1,5.28,0,2.pencere orta pencere,-100,-73,-70,-80,-100,-100,-100,-100,-100,-100,-100
204,D,1,5.28,0,2.pencere orta pencere,-75,-100,-68,-78,-100,-100,-100,-100,-100,-100,-100
204,D,1,5.28,0,2.pencere orta pencere,-75,-81,-67,-79,-86,-100,-100,-100,-100,-100,-100
204,D,1,5.28,0,2.pencere orta pencere,-78,-76,-70,-86,-100,-100,-100,-100,-100,-100,-100
204,D,1,7.23,0,2. pencere yanı duvar,-72,-78,-71,-80,-86,-100,-100,-100,-100,-100,-100
204,D,1,7.23,0,2. pencere yanı duvar,-70,-100,-72,-84,-100,-100,-100,-100,-100,-100,-100
204,D,1,7.23,0,2. pencere yanı duvara,-70,-75,-69,-100,-76,-100,-100,-100,-100,-100,-100
204,D,1,7.23,0,2. pencere yanı duvara,-100,-63,-65,-68,-100,-100,-100,-100,-100,-100,-100
204,D,1,2025-03-09 00:00:00,0,en arka sol 3. pencere (kürsü) yanı,-70,-72,-66,-79,-86,-100,-100,-100,-100,-100,-100
204,D,1,2025-03-09 00:00:00,0,en arka sol 3. pencere (kürsü) yanı,-73,-68,-66,-73,-86,-100,-100,-100,-100,-100,-100
204,D,1,2025-03-09 00:00:00,0,en arka sol 3. pencere (kürsü) yanı,-72,-72,-64,-74,-86,-100,-100,-100,-100,-100,-100
204,D,1,2025-03-09 00:00:00,0,en arka sol 3. pencere (kürsü) yanı,-66,-67,-63,-74,-100,-100,-100,-100,-100,-100,-100
204,D,1,2025-03-09 00:00:00,0,en arka sol 3. pencere (kürsü) yanı,-63,-67,-66,-66,-100,-100,-100,-100,-100,-100,-100
204,D,1,2025-03-09 00:00:00,0,en arka sol 3. pencere (kürsü) yanı,-63,-100,-70,-64,-100,-100,-100,-100,-100,-100,-100
204,D,1,11.15,0,en köse ögretmenler masası bulunduğu köşe,-73,-63,-66,-79,-100,-100,-100,-100,-100,-100,-100
204,D,1,11.15,0,en köse ögretmenler masası bulunduğu köşe,-67,-69,-68,-75,-100,-100,-100,-100,-100,-100,-100
204,D,1,11.15,0,en köse ögretmenler masası bulunduğu köşe,-100,-77,-70,-69,-100,-100,-100,-100,-100,-100,-100
204,D,1,2025-10-10 00:00:00,2025-10-01 00:00:00,ögretmen masası,-79,-81,-60,-85,-86,-100,-100,-100,-100,-100,-100
204,D,1,2025-10-10 00:00:00,2025-10-01 00:00:00,ögretmen masası,-79,-76,-58,-100,-86,-100,-100,-100,-100,-100,-100
204,D,1,2025-10-10 00:00:00,2025-10-01 00:00:00,ögretmen masası,-100,-74,-59,-78,-86,-100,-100,-100,-100,-100,-100
204,D,1,2025-10-10 00:00:00,2025-10-01 00:00:00,ögretmen masası,-67,-72,-59,-73,-100,-100,-100,-100,-100,-100,-100
204,D,1,2025-10-10 00:00:00,2025-10-01 00:00:00,ögretmen masası,-72,-73,-68,-73,-100,-100,-100,-100,-100,-100,-100
204,D,1,0.40,3.32,en orta en arka duvar,-86,-74,-64,-80,-100,-100,-100,-100,-100,-100,-100
204,D,1,0.40,3.32,en orta en arka duvar,-82,-71,-63,-74,-100,-100,-100,-100,-100,-100,-100
204,D,1,0.40,3.32,en orta en arka duvar,-78,-69,-63,-68,-100,-100,-100,-100,-100,-100,-100
204,D,1,0.40,3.32,en orta en arka duvar,-88,-80,-66,-82,-100,-100,-100,-100,-100,-100,-100
204,D,1,0.40,3.32,en orta en arka duvar,-100,-80,-80,-81,-100,-100,-100,-100,-100,-100,-100
204,D,1,0.40,3.32,en orta en arka duvar,-86,-86,-74,-100,-86,-100,-100,-100,-100,-100,-100
204,D,1,1.90,3.32,en orta en arka 2. sıra duvar,-79,-75,-65,-74,-100,-100,-100,-100,-100,-100,-100
204,D,1,1.90,3.32,en orta en arka 2. sıra duvar,-76,-75,-67,-75,-100,-100,-100,-100,-100,-100,-100
204,D,1,1.90,3.32,en orta en arka 2. sıra duvar,-81,-74,-76,-77,-100,-100,-100,-100,-100,-100,-100
204,D,1,1.90,3.32,en orta en arka 2. sıra duvar,-80,-72,-74,-75,-100,-100,-100,-100,-100,-100,-100
204,D,1,1.90,3.32,en orta en arka 2. sıra duvar,-80,-70,-73,-74,-100,-100,-100,-100,-100,-100,-100
204,D,1,1.90,3.32,en orta en arka 2. sıra duvar,-90,-73,-73,-81,-100,-100,-100,-100,-100,-100,-100
204,D,1,1.90,3.32,en orta en arka 2. sıra duvar,-90,-80,-76,-84,-86,-100,-100,-100,-100,-100,-100
204,D,1,1.90,3.32,en orta en arka 2. sıra duvar,-88,-86,-70,-80,-100,-100,-100,-100,-100,-100,-100
204,D,1,3.40,3.32,en orta en arka 4. sıra oturak tarafı koltuk başı,-75,-71,-70,-74,-100,-100,-100,-100,-100,-100,-100
204,D,1,3.40,3.32,en orta en arka 4. sıra oturak tarafı koltuk başı,-74,-72,-69,-74,-100,-100,-100,-100,-100,-100,-100
204,D,1,3.40,nan,en orta en arka 4. sıra oturak tarafı koltuk başı,-82,-71,-66,-80,-100,-100,-100,-100,-100,-100,-100
204,D,1,3.40,3.32,en orta en arka 4. sıra oturak tarafı koltuk başı,-82,-76,-70,-74,-100,-100,-100,-100,-100,-100,-100
204,D,1,3.40,3.32,en orta en arka 4. sıra oturak tarafı koltuk başı,-83,-81,-74,-73,-100,-100,-100,-100,-100,-100,-100
204,D,1,3.40,3.32,en orta en arka 4. sıra oturak tarafı koltuk başı,-100,-74,-76,-82,-100,-100,-100,-100,-100,-100,-100
204,D,1,3.40,3.32,en orta en arka 4. sıra oturak tarafı koltuk başı,-84,-71,-71,-84,-86,-100,-100,-100,-100,-100,-100
204,D,1,3.40,3.32,en orta en arka 4. sıra oturak tarafı koltuk başı,-84,-69,-67,-86,-100,-100,-100,-100,-100,-100,-100
204,D,1,4.90,3.32,en orta en arka 5. sıra koltuk masa ortası,-78,-70,-69,-73,-77,-100,-100,-100,-100,-100,-100
204,D,1,4.90,3.32,en orta en arka 5. sıra koltuk masa ortası,-74,-69,-67,-70,-77,-100,-100,-100,-100,-100,-100
204,D,1,4.90,3.32,en orta en arka 5. sıra koltuk masa ortası,-70,-68,-65,-67,-77,-100,-100,-100,-100,-100,-100
204,D,1,4.90,3.32,en orta en arka 5. sıra koltuk masa ortası,-72,-71,-66,-69,-77,-100,-100,-100,-100,-100,-100
204,D,1,4.90,3.32,en orta en arka 5. sıra koltuk masa ortası,-75,-75,-67,-71,-100,-100,-100,-100,-100,-100,-100
204,D,1,4.90,3.32,en orta en arka 5. sıra koltuk masa ortası,-80,-69,-70,-100,-86,-100,-100,-100,-100,-100,-100
204,D,1,4.90,3.32,en orta en arka 5. sıra koltuk masa ortası,-80,-76,-67,-77,-86,-100,-100,-100,-100,-100,-100
204,D,1,4.90,3.32,en orta en arka 5. sıra koltuk masa ortası,-78,-80,-64,-81,-80,-100,-100,-100,-100,-100,-100
204,D,1,6.40,3.32,en orta en arka 7. sıra koltuk tarafı,-64,-100,-64,-77,-100,-100,-100,-100,-100,-100,-100
204,D,1,6.40,3.32,en orta en arka 7. sıra koltuk tarafı,-63,-100,-61,-75,-100,-100,-100,-100,-100,-100,-100
204,D,1,6.40,3.32,en orta en arka 7. sıra koltuk tarafı,-66,-100,-73,-72,-100,-100,-100,-100,-100,-100,-100
204,D,1,6.40,3.32,en orta en arka 7. sıra koltuk tarafı,-78,-71,-64,-77,-86,-100,-100,-100,-100,-100,-100
204,D,1,6.40,3.32,en orta en arka 7. sıra koltuk tarafı,-79,-72,-67,-76,-100,-100,-100,-100,-100,-100,-100
204,D,1,6.40,3.32,en orta en arka 7. sıra koltuk tarafı,-82,-72,-67,-76,-100,-100,-100,-100,-100,-100,-100
204,D,1,6.40,3.32,en orta en arka 8. sıra masa orta tarafı,-62,-71,-73,-74,-81,-100,-100,-100,-100,-100,-100
204,D,1,7.90,3.32,en orta en arka 8. sıra masa orta tarafı,-60,-71,-72,-74,-81,-100,-100,-100,-100,-100,-100
204,D,1,7.90,3.32,en orta en arka 8. sıra masa orta tarafı,-59,-71,-71,-76,-81,-100,-100,-100,-100,-100,-100
204,D,1,7.90,3.32,en orta en arka 8. sıra masa orta tarafı,-60,-69,-64,-75,-82,-100,-100,-100,-100,-100,-100
204,D,1,7.90,3.32,en orta en arka 8. sıra masa orta tarafı,-74,-73,-69,-79,-100,-100,-100,-100,-100,-100,-100
204,D,1,7.90,3.32,en orta en arka 8. sıra masa orta tarafı,-69,-71,-65,-79,-86,-100,-100,-100,-100,-100,-100
204,D,1,7.90,3.32,en orta en arka 8. sıra masa orta tarafı,-64,-70,-62,-84,-100,-100,-100,-100,-100,-100,-100
204,D,1,9.40,3.32,en orta en on sıra nın bir adı adım onu,-69,-67,-100,-70,-100,-100,-100,-100,-100,-100,-100
204,D,1,9.40,3.32,en orta en on sıra nın bir adı adım onu,-69,-67,-100,-68,-100,-100,-100,-100,-100,-100,-100
204,D,1,9.40,3.32,en orta en on sıra nın bir adı adım onu,-80,-69,-66,-74,-100,-100,-100,-100,-100,-100,-100
204,D,1,9.40,3.32,en orta en on sıra nın bir adı adım onu,-71,-69,-62,-79,-100,-100,-100,-100,-100,-100,-100
204,D,1,9.40,3.32,en orta en on sıra nın bir adı adım onu,-69,-70,-64,-77,-100,-100,-100,-100,-100,-100,-100
204,D,1,9.40,3.32,en orta en on sıra nın bir adı adım onu,-72,-74,-67,-79,-100,-100,-100,-100,-100,-100,-100
204,D,1,10.90,3.32,en orta kürsü tahta onu,-62,-100,-58,-67,-100,-100,-100,-100,-100,-100,-100
204,D,1,10.90,3.32,en orta kürsü tahta onu,-63,-100,-60,-67,-100,-100,-100,-100,-100,-100,-100
204,D,1,10.90,3.32,en orta kürsü tahta onu,-62,-100,-58,-67,-100,-100,-100,-100,-100,-100,-100
204,D,1,10.90,3.32,en orta kürsü tahta onu,-66,-66,-60,-68,-100,-100,-100,-100,-100,-100,-100
204,D,1,10.90,3.32,en orta kürsü tahta onu,-74,-77,-62,-76,-83,-100,-100,-100,-100,-100,-100
204,D,1,10.90,3.32,en orta kürsü tahta onu,-74,-76,-59,-75,-100,-100,-100,-100,-100,-100,-100
204,D,1,10.90,3.32,en orta kürsü tahta onu,-76,-78,-56,-74,-86,-100,-100,-100,-100,-100,-100
204,D,1,10.90,3.32,en orta kürsü tahta onu,-76,-80,-57,-76,-100,-100,-100,-100,-100,-100,-100
204,D,1,0.70,4.95,en sağ en arka 1. sıra,-70,-71,-66,-72,-100,-100,-100,-100,-100,-100,-100
204,D,1,0.70,4.95,en sağ en arka 1. sıra,-68,-71,-73,-69,-100,-100,-100,-100,-100,-100,-100
204,D,1,0.70,4.95,en sağ en arka 1. sıra,-100,-100,-70,-100,-86,-100,-100,-100,-100,-100,-100
204,D,1,0.70,4.95,en sağ en arka 1. sıra,-75,-74,-71,-100,-100,-100,-100,-100,-100,-100,-100
204,D,1,0.70,4.95,en sağ en arka 1. sıra,-100,-72,-74,-78,-100,-100,-100,-100,-100,-100,-100
204,D,1,1.60,4.95,en sağ en arka 2. sıra,-72,-71,-70,-69,-100,-100,-100,-100,-100,-100,-100
204,D,1,1.60,4.95,en sağ en arka 2. sıra,-100,-72,-74,-78,-100,-100,-100,-100,-100,-100,-100
204,D,1,1.60,4.95,en sağ en arka 2. sıra,-100,-74,-67,-79,-86,-100,-100,-100,-100,-100,-100
204,D,1,1.60,4.95,en sağ en arka 2. sıra,-100,-76,-61,-80,-100,-100,-100,-100,-100,-100,-100
204,D,1,2.54,4.95,en sağ en arka 3. sıra,-78,-76,-66,-82,-86,-100,-100,-100,-100,-100,-100
204,D,1,2.54,4.95,en sağ en arka 3. sıra,-75,-74,-68,-77,-86,-100,-100,-100,-100,-100,-100
204,D,1,2.54,4.95,en sağ en arka 3. sıra,-73,-72,-74,-73,-100,-100,-100,-100,-100,-100,-100
204,D,1,2.54,4.95,en sağ en arka 3. sıra,-73,-72,-74,-73,-100,-100,-100,-100,-100,-100,-100
204,D,1,2.54,4.95,en sağ en arka 3. sıra,-70,-73,-100,-69,-100,-100,-100,-100,-100,-100,-100
204,D,1,2.54,4.95,en sağ en arka 3. sıra,-71,-76,-100,-72,-100,-100,-100,-100,-100,-100,-100
204,D,1,2.54,4.95,en sağ en arka 3. sıra,-72,-80,-100,-76,-100,-100,-100,-100,-100,-100,-100
204,D,1,3.46,4.95,en sağ arka 4. sıra,-100,-79,-66,-77,-100,-100,-100,-100,-100,-100,-100
204,D,1,3.46,4.95,en sağ arka 4. sıra,-81,-79,-67,-77,-86,-100,-100,-100,-100,-100,-100
204,D,1,3.46,4.95,en sağ arka 4. sıra,-84,-86,-74,-100,-100,-100,-100,-100,-100,-100,-100
204,D,1,3.46,4.95,en sağ arka 4. sıra,-68,-74,-62,-74,-100,-100,-100,-100,-100,-100,-100
204,D,1,3.46,4.95,en sağ arka 4. sıra,-65,-86,-69,-70,-100,-100,-100,-100,-100,-100,-100
204,D,1,4.39,4.95,en sağ arka 5. sıra,-81,-79,-68,-100,-100,-100,-100,-100,-100,-100,-100
204,D,1,4.39,4.95,en sağ arka 5. sıra,-81,-75,-66,-100,-86,-100,-100,-100,-100,-100,-100
204,D,1,4.39,4.95,en sağ arka 5. sıra,-67,-100,-63,-73,-100,-100,-100,-100,-100,-100,-100
204,D,1,4.39,4.95,en sağ arka 5. sıra,-69,-100,-62,-76,-100,-100,-100,-100,-100,-100,-100
204,D,1,4.39,4.95,en sağ arka 5. sıra,-80,-72,-73,-86,-100,-100,-100,-100,-100,-100,-100
204,D,1,4.39,4.95,en sağ arka 5. sıra,-81,-73,-71,-86,-86,-100,-100,-100,-100,-100,-100
204,D,1,4.39,4.95,en sağ arka 5. sıra,-68,-100,-62,-75,-100,-100,-100,-100,-100,-100,-100
204,D,1,5.33,4.95,en sağ arka 6. sıra,-69,-67,-100,-73,-100,-100,-100,-100,-100,-100,-100
204,D,1,5.33,4.95,en sağ arka 6. sıra,-77,-74,-72,-100,-100,-100,-100,-100,-100,-100,-100
204,D,1,5.33,4.95,en sağ arka 6. sıra,-77,-74,-66,-81,-86,-100,-100,-100,-100,-100,-100
204,D,1,5.33,4.95,en sağ arka 6. sıra,-79,-76,-64,-82,-86,-100,-100,-100,-100,-100,-100
204,D,1,5.33,4.95,en sağ arka 6. sıra,-100,-72,-62,-100,-100,-100,-100,-100,-100,-100,-100
204,D,1,6.25,4.95,en sağ arka 7. sıra,-100,-74,-72,-77,-86,-100,-100,-100,-100,-100,-100
204,D,1,6.25,4.95,en sağ arka 7. sıra,-100,-70,-80,-79,-86,-100,-100,-100,-100,-100,-100
204,D,1,6.25,4.95,en sağ arka 7. sıra,-100,-70,-80,-79,-86,-100,-100,-100,-100,-100,-100
204,D,1,6.25,4.95,en sağ arka 7. sıra,-73,-70,-72,-74,-86,-100,-100,-100,-100,-100,-100
204,D,1,6.25,4.95,en sağ arka 7. sıra,-100,-75,-65,-72,-100,-100,-100,-100,-100,-100,-100
204,D,1,6.25,4.95,en sağ arka 7. sıra,-100,-74,-59,-69,-100,-100,-100,-100,-100,-100,-100
204,D,1,6.25,4.95,en sağ arka 7. sıra,-100,-74,-53,-67,-100,-100,-100,-100,-100,-100,-100
204,D,1,7.14,4.95,en sağ arka 8. sıra,-74,-70,-64,-74,-86,-100,-100,-100,-100,-100,-100
204,D,1,7.14,4.95,en sağ arka 8. sıra,-75,-66,-65,-100,-86,-100,-100,-100,-100,-100,-100
204,D,1,7.14,4.95,en sağ arka 8. sıra,-78,-66,-69,-84,-86,-100,-100,-100,-100,-100,-100
204,D,1,7.14,4.95,en sağ arka 8. sıra,-77,-65,-64,-78,-86,-100,-100,-100,-100,-100,-100
204,D,1,7.14,4.95,en sağ arka 8. sıra,-77,-74,-100,-74,-100,-100,-100,-100,-100,-100,-100
204,D,1,7.14,4.95,en sağ arka 8. sıra,-68,-74,-63,-70,-100,-100,-100,-100,-100,-100,-100
204,D,1,7.14,4.95,en sağ arka 8. sıra,-66,-100,-69,-69,-100,-100,-100,-100,-100,-100,-100
204,D,1,7.14,4.95,en sağ arka 8. sıra,-64,-71,-68,-66,-100,-100,-100,-100,-100,-100,-100
204,D,1,2025-09-08 00:00:00,4.95,en sağ arka 9. sıra,-72,-68,-63,-82,-86,-100,-100,-100,-100,-100,-100
204,D,1,2025-09-08 00:00:00,4.95,en sağ arka 9. sıra,-74,-76,-64,-79,-86,-100,-100,-100,-100,-100,-100
204,D,1,2025-09-08 00:00:00,4.95,en sağ arka 9. sıra,-74,-76,-64,-79,-86,-100,-100,-100,-100,-100,-100
204,D,1,2025-09-08 00:00:00,4.95,en sağ arka 9. sıra,-74,-69,-64,-79,-86,-100,-100,-100,-100,-100,-100
204,D,1,2025-09-08 00:00:00,4.95,en sağ arka 9. sıra,-67,-66,-63,-69,-100,-100,-100,-100,-100,-100,-100
204,D,1,2025-09-08 00:00:00,4.95,en sağ arka 9. sıra,-64,-66,-59,-68,-81,-100,-100,-100,-100,-100,-100
204,D,1,2025-09-08 00:00:00,4.95,en sağ arka 9. sıra,-59,-66,-60,-72,-100,-100,-100,-100,-100,-100,-100
204,D,1,0,6.83,sağ en arka köşe,-78,-78,-75,-73,-100,-100,-100,-100,-100,-100,-100
204,D,1,0,6.83,sağ en arka köşe,-76,-84,-81,-78,-100,-100,-100,-100,-100,-100,-100
204,D,1,0,6.83,sağ en arka köşe,-100,-70,-67,-100,-86,-100,-100,-100,-100,-100,-100
204,D,1,0,6.83,sağ en arka köşe,-90,-100,-74,-86,-100,-100,-100,-100,-100,-100,-100
204,D,1,0,6.83,sağ en arka köşe,-90,-100,-86,-86,-100,-100,-100,-100,-100,-100,-100
204,D,1,1.80,6.83,sağ köşe yanı duvar askılık,-100,-68,-62,-70,-100,-100,-100,-100,-100,-100,-100
204,D,1,1.80,6.83,sağ köşe yanı duvar askılık,-79,-68,-64,-71,-100,-100,-100,-100,-100,-100,-100
204,D,1,1.80,6.83,sağ köşe yanı duvar askılık,-79,-69,-67,-73,-100,-100,-100,-100,-100,-100,-100
204,D,1,1.80,6.83,sağ köşe yanı duvar askılık,-84,-80,-74,-78,-100,-100,-100,-100,-100,-100,-100
204,D,1,1.80,6.83,sağ köşe yanı duvar askılık,-81,-80,-68,-74,-100,-100,-100,-100,-100,-100,-100
204,D,1,1.80,6.83,sağ köşe yanı duvar askılık,-79,-80,-62,-70,-100,-100,-100,-100,-100,-100,-100
204,D,1,3.70,6.83,sağ askılık yanı,-76,-76,-71,-75,-100,-100,-100,-100,-100,-100,-100
204,D,1,3.70,6.83,sağ askılık yanı,-75,-84,-72,-74,-100,-100,-100,-100,-100,-100,-100
204,D,1,3.70,6.83,sağ askılık yanı,-77,-73,-74,-80,-100,-100,-100,-100,-100,-100,-100
204,D,1,3.70,6.83,sağ askılık yanı,-75,-76,-74,-79,-94,-100,-100,-100,-100,-100,-100
204,D,1,3.70,6.83,sağ askılık yanı,-73,-75,-61,-77,-100,-100,-100,-100,-100,-100,-100
204,D,1,3.70,6.83,sağ askılık yanı,-73,-72,-62,-77,-100,-100,-100,-100,-100,-100,-100
204,D,1,3.70,6.83,sağ askılık yanı,-100,-69,-60,-84,-100,-100,-100,-100,-100,-100,-100
204,D,1,5.50,6.83,sol ikinci pencere karşısı,-100,-67,-65,-74,-100,-100,-100,-100,-100,-100,-100
204,D,1,5.50,6.83,sol ikinci pencere karşısı,-100,-71,-68,-74,-100,-100,-100,-100,-100,-100,-100
204,D,1,5.50,6.83,sol ikinci pencere karşısı,-100,-76,-71,-74,-100,-100,-100,-100,-100,-100,-100
204,D,1,5.50,6.83,sol ikinci pencere karşısı,-100,-77,-73,-77,-100,-100,-100,-100,-100,-100,-100
204,D,1,5.50,6.83,sol ikinci pencere karşısı,-76,-69,-65,-80,-100,-100,-100,-100,-100,-100,-100
204,D,1,5.50,6.83,sol ikinci pencere karşısı,-75,-100,-68,-80,-100,-100,-100,-100,-100,-100,-100
204,D,1,7.50,6.83,sol ikinci pencere yanı karşısı,-100,-77,-71,-74,-100,-100,-100,-100,-100,-100,-100
204,D,1,7.50,6.83,sol ikinci pencere yanı karşısı,-100,-77,-69,-75,-100,-100,-100,-100,-100,-100,-100
204,D,1,7.50,6.83,sol ikinci pencere yanı karşısı,-74,-74,-65,-78,-86,-100,-100,-100,-100,-100,-100
204,D,1,7.50,6.83,sol ikinci pencere yanı karşısı,-74,-100,-68,-78,-100,-100,-100,-100,-100,-100,-100
204,D,1,7.50,6.83,sol ikinci pencere yanı karşısı,-70,-71,-74,-74,-92,-100,-100,-100,-100,-100,-100
204,D,1,7.50,6.83,sol ikinci pencere yanı karşısı,-78,-72,-79,-78,-100,-100,-100,-100,-100,-100,-100
204,D,1,9.20,6.83,sol üçüncü pencere karşısı,-73,-73,-63,-77,-100,-100,-100,-100,-100,-100,-100
204,D,1,9.20,6.83,sol üçüncü pencere karşısı,-76,-76,-61,-80,-100,-100,-100,-100,-100,-100,-100
204,D,1,9.20,6.83,sol üçüncü pencere karşısı,-78,-72,-79,-78,-100,-100,-100,-100,-100,-100,-100
204,D,1,9.20,6.83,sol üçüncü pencere karşısı,-67,-73,-64,-69,-100,-100,-100,-100,-100,-100,-100
204,D,1,9.20,6.83,sol üçüncü pencere karşısı,-64,-75,-59,-66,-100,-100,-100,-100,-100,-100,-100
204,D,1,2025-10-11 00:00:00,6.83,kapı tarafı en köşe,-74,-67,-58,-70,-71,-100,-100,-100,-100,-100,-100
204,D,1,2025-10-11 00:00:00,6.83,kapı tarafı en köşe,-100,-68,-57,-66,-80,-100,-100,-100,-100,-100,-100
204,D,1,2025-10-11 00:00:00,6.83,kapı tarafı en köşe,-76,-76,-61,-80,-62,-100,-100,-100,-100,-100,-100
204,D,1,2025-10-11 00:00:00,6.83,kapı tarafı en köşe,-100,-72,-66,-70,-85,-100,-100,-100,-100,-100,-100
204,D,1,2025-10-11 00:00:00,6.83,kapı tarafı en köşe,-100,-67,-58,-64,-85,-100,-100,-100,-100,-100,-100
204,D,1,2025-10-11 00:00:00,6.83,kapı tarafı en köşe,-100,-66,-56,-62,-100,-100,-100,-100,-100,-100,-100
204,D,1,9.90,4.95,kapı tarafı sağ kürsü ön köşe,-75,-67,-62,-71,-78,-100,-100,-100,-100,-100,-100
204,D,1,9.90,4.95,kapı tarafı sağ kürsü ön köşe,-71,-68,-64,-70,-76,-100,-100,-100,-100,-100,-100
204,D,1,9.90,4.95,kapı tarafı sağ kürsü ön köşe,-76,-70,-61,-75,-100,-100,-100,-100,-100,-100,-100
204,D,1,9.90,4.95,kapı tarafı sağ kürsü ön köşe,-70,-75,-72,-72,-100,-100,-100,-100,-100,-100,-100
204,D,1,9.90,4.95,kapı tarafı sağ kürsü ön köşe,-70,-75,-66,-69,-100,-100,-100,-100,-100,-100,-100
204,D,1,9.90,4.95,kapı tarafı sağ kürsü ön köşe,-70,-100,-61,-67,-100,-100,-100,-100,-100,-100,-100
205,D,1,11.67,1.72,sol en arka 1.sıra,-56,-57,-76,-100,-86,-86,-81,-90,-86,-100,-100
205,D,1,11.67,1.72,sol en arka 1.sıra,-53,-55,-100,-84,-100,-86,-86,-90,-86,-100,-100
205,D,1,11.67,1.72,sol en arka 1.sıra,-58,-56,-63,-81,-100,-88,-86,-90,-86,-100,-100
205,D,1,11.67,1.72,sol en arka 1.sıra,-61,-59,-68,-79,-100,-90,-86,-100,-86,-100,-100
205,D,1,11.67,1.72,sol en arka 1.sıra,-100,-59,-63,-76,-100,-86,-100,-88,-100,-100,-100
205,D,1,11.67,1.72,sol en arka 1.sıra,-100,-56,-63,-76,-100,-86,-100,-88,-100,-100,-100
205,D,1,11.67,1.72,sol en arka 1.sıra,-100,-54,-63,-76,-100,-86,-100,-88,-100,-100,-100
205,D,1,11.67,1.72,sol en arka 1.sıra,-100,-57,-74,-82,-85,-79,-74,-88,-100,-100,-100
205,D,1,13.23,1.72,sol en arka 2.sıra,-54,-63,-70,-78,-100,-86,-81,-100,-100,-100,-100
205,D,1,13.23,1.72,sol en arka 2.sıra,-53,-63,-69,-78,-86,-86,-81,-90,-100,-100,-100
205,D,1,13.23,1.72,sol en arka 2.sıra,-56,-59,-100,-86,-100,-82,-100,-94,-100,-100,-100
205,D,1,13.23,1.72,sol en arka 2.sıra,-56,-60,-67,-75,-100,-83,-100,-89,-100,-100,-100
205,D,1,13.23,1.72,sol en arka 2.sıra,-57,-64,-67,-74,-100,-84,-100,-89,-91,-100,-100
205,D,1,14.15,1.72,sol en arka 3. sıra,-53,-63,-70,-78,-86,-86,-81,-90,-100,-100,-100
205,D,1,14.15,1.72,sol en arka 3. sıra,-53,-58,-70,-79,-86,-87,-77,-90,-86,-100,-100
205,D,1,14.15,1.72,sol en arka 3. sıra,-54,-56,-100,-77,-86,-100,-74,-100,-100,-100,-100
205,D,1,14.15,1.72,sol en arka 3. sıra,-54,-61,-64,-73,-100,-87,-100,-89,-100,-100,-100
205,D,1,14.15,1.72,sol en arka 3. sıra,-54,-62,-64,-74,-100,-85,-100,-89,-91,-100,-100
205,D,1,14.15,1.72,sol en arka 3. sıra,-50,-61,-66,-74,-100,-85,-100,-100,-100,-100,-100
205,D,1,2025-07-15 00:00:00,1.72,sol en arka 4. sıra,-53,-69,-66,-84,-86,-100,-72,-100,-86,-100,-100
205,D,1,2025-07-15 00:00:00,1.72,sol en arka 4. sıra,-53,-61,-64,-83,-100,-84,-72,-100,-100,-100,-100
205,D,1,2025-07-15 00:00:00,1.72,sol en arka 4. sıra,-54,-56,-63,-82,-100,-84,-100,-100,-100,-100,-100
205,D,1,2025-07-15 00:00:00,1.72,sol en arka 4. sıra,-47,-100,-68,-76,-100,-83,-100,-92,-100,-100,-100
205,D,1,2025-07-15 00:00:00,1.72,sol en arka 4. sıra,-50,-54,-69,-78,-100,-84,-100,-91,-82,-100,-100
205,D,1,2025-07-15 00:00:00,1.72,sol en arka 4. sıra,-53,-54,-71,-81,-100,-85,-100,-91,-82,-100,-100
205,D,1,16.00,1.72,sol en arka 5. sıra,-53,-52,-63,-81,-86,-87,-76,-100,-86,-100,-100
205,D,1,16.00,1.72,sol en arka 5. sıra,-54,-51,-65,-81,-83,-87,-78,-100,-86,-100,-100
205,D,1,16.00,1.72,sol en arka 5. sıra,-59,-55,-67,-100,-80,-100,-74,-100,-100,-100,-100
205,D,1,16.00,1.72,sol en arka 5. sıra,-53,-54,-71,-81,-100,-85,-100,-91,-82,-100,-100
205,D,1,16.00,1.72,sol en arka 5. sıra,-54,-50,-74,-79,-100,-85,-100,-91,-82,-100,-100
205,D,1,16.00,1.72,sol en arka 5. sıra,-56,-49,-78,-79,-100,-85,-100,-91,-100,-100,-100
205,D,1,16.94,1.72,sol en arka 6. sıra,-55,-57,-78,-84,-86,-100,-100,-100,-86,-100,-100
205,D,1,16.94,1.72,sol en arka 6. sıra,-55,-52,-70,-84,-86,-86,-63,-100,-86,-100,-100
205,D,1,16.94,1.72,sol en arka 6. sıra,-53,-59,-72,-77,-100,-82,-100,-87,-100,-100,-100
205,D,1,16.94,1.72,sol en arka 6. sıra,-53,-54,-73,-77,-100,-82,-100,-88,-100,-100,-100
205,D,1,16.94,1.72,sol en arka 6. sıra,-56,-49,-78,-79,-100,-85,-100,-91,-100,-100,-100
205,D,1,17.87,1.72,sol en arka 7. sıra,-57,-56,-79,-82,-100,-100,-100,-100,-100,-100,-100
205,D,1,17.87,1.72,sol en arka 7. sıra,-60,-54,-76,-84,-86,-87,-72,-100,-86,-100,-100
205,D,1,17.87,1.72,sol en arka 7. sıra,-60,-53,-76,-84,-100,-90,-72,-100,-100,-100,-100
205,D,1,17.87,1.72,sol en arka 7. sıra,-53,-56,-78,-81,-100,-86,-100,-93,-87,-100,-100
205,D,1,17.87,1.72,sol en arka 7. sıra,-53,-56,-78,-80,-100,-85,-100,-94,-87,-100,-100
205,D,1,18.79,1.72,sol en arka 8. sıra,-50,-56,-80,-78,-100,-83,-100,-92,-85,-100,-100
205,D,1,18.79,1.72,sol en arka 8. sıra,-48,-56,-80,-77,-100,-82,-100,-91,-84,-100,-100
205,D,1,18.79,1.72,sol en arka 8. sıra,-47,-57,-82,-77,-100,-82,-100,-91,-84,-100,-100
205,D,1,18.79,1.72,sol en arka 8. sıra,-56,-62,-77,-80,-100,-100,-69,-100,-100,-100,-100
205,D,1,18.79,1.72,sol en arka 8. sıra,-52,-59,-74,-80,-86,-87,-67,-100,-86,-100,-100
205,D,1,18.79,1.72,sol en arka 8. sıra,-48,-63,-72,-100,-86,-86,-69,-100,-100,-100,-100
205,D,1,19.70,1.72,sol en arka 9. sıra,-56,-57,-71,-86,-100,-87,-72,-88,-100,-100,-100
205,D,1,19.70,1.72,sol en arka 9. sıra,-57,-57,-72,-100,-100,-90,-74,-90,-100,-100,-100
205,D,1,19.70,1.72,sol en arka 9. sıra,-47,-56,-78,-81,-100,-82,-100,-91,-84,-100,-100
205,D,1,19.70,1.72,sol en arka 9. sıra,-52,-56,-75,-85,-100,-82,-100,-100,-100,-100,-100
205,D,1,19.70,1.72,sol en arka 9. sıra,-53,-57,-76,-87,-100,-86,-100,-100,-95,-100,-100
205,D,1,21.55,1.45,öretmen masası (kürsü),-57,-58,-77,-82,-100,-84,-100,-100,-89,-100,-100
205,D,1,21.55,1.45,öretmen masası (kürsü),-57,-59,-77,-79,-100,-79,-100,-100,-85,-100,-100
205,D,1,21.55,1.45,öretmen masası (kürsü),-59,-54,-68,-100,-86,-100,-71,-100,-100,-100,-100
205,D,1,21.55,1.45,öretmen masası (kürsü),-57,-53,-65,-84,-86,-100,-68,-86,-86,-100,-100
205,D,1,21.55,1.45,öretmen masası (kürsü),-55,-53,-62,-84,-100,-100,-67,-86,-100,-100,-100
205,D,1,11.15,0.0,sol en köşe,-69,-64,-69,-100,-80,-100,-100,-67,-100,-100,-100
205,D,1,11.15,0.0,sol en köşe,-57,-60,-65,-84,-100,-88,-76,-100,-100,-100,-100
205,D,1,11.15,0.0,sol en köşe,-63,-62,-67,-100,-80,-100,-100,-67,-100,-100,-100
205,D,1,11.15,0.0,sol en köşe,-51,-56,-67,-77,-100,-81,-65,-87,-100,-100,-100
205,D,1,11.15,0.0,sol en köşe,-53,-56,-63,-74,-100,-100,-100,-88,-100,-100,-100
205,D,1,11.15,0.0,sol en köşe,-55,-56,-65,-76,-100,-80,-100,-83,-100,-100,-100
205,D,1,12.87,0.0,sol en arka 1. pencere,-56,-60,-67,-80,-100,-100,-100,-100,-100,-100,-100
205,D,1,12.87,0.0,sol en arka 1. pencere,-55,-61,-64,-76,-100,-100,-76,-100,-100,-100,-100
205,D,1,12.87,0.0,sol en arka 1. pencere,-58,-57,-67,-78,-100,-80,-100,-82,-100,-100,-100
205,D,1,12.87,0.0,sol en arka 1. pencere,-55,-59,-64,-73,-100,-78,-80,-80,-100,-100,-100
205,D,1,12.87,0.0,sol en arka 1. pencere,-56,-59,-65,-75,-100,-79,-80,-100,-100,-100,-100
205,D,1,14.82,0.0,sol en arka 1. pencere duvar,-56,-61,-67,-87,-80,-84,-76,-100,-100,-100,-100
205,D,1,14.82,0.0,sol en arka 1. pencere duvar,-53,-62,-68,-87,-100,-84,-76,-100,-100,-100,-100
205,D,1,14.82,0.0,sol en arka 1. pencere duvar,-50,-62,-70,-100,-100,-84,-76,-100,-100,-100,-100
205,D,1,14.82,0.0,sol en arka 1. pencere duvar,-48,-48,-100,-72,-100,-73,-77,-82,-86,-100,-100
205,D,1,14.82,0.0,sol en arka 1. pencere duvar,-49,-51,-64,-72,-100,-74,-77,-81,-86,-100,-100
205,D,1,14.82,0.0,sol en arka 1. pencere duvar,-51,-54,-64,-72,-100,-75,-78,-100,-100,-100,-100
205,D,1,16.62,0.0,en arka sol 2. pencere,-46,-51,-71,-72,-100,-73,-73,-100,-80,-100,-100
205,D,1,16.62,0.0,en arka sol 2. pencere,-100,-50,-64,-100,-100,-76,-100,-83,-86,-100,-100
205,D,1,16.62,0.0,en arka sol 2. pencere,-46,-52,-67,-100,-100,-76,-72,-83,-82,-100,-100
205,D,1,16.62,0.0,en arka sol 2. pencere,-51,-55,-68,-100,-100,-84,-75,-100,-100,-100,-100
205,D,1,16.62,0.0,en arka sol 2. pencere,-100,-48,-100,-100,-100,-82,-80,-90,-80,-100,-100
205,D,1,16.62,0.0,en arka sol 2. pencere,-59,-55,-68,-79,-100,-82,-100,-88,-83,-100,-100
205,D,1,18.56,0.0,sol en arka 2 .pencere yyanı duvar,-50,-54,-66,-77,-100,-73,-83,-81,-84,-100,-100
205,D,1,18.56,0.0,sol en arka 2 .pencere yanı duvar,-50,-58,-69,-77,-100,-70,-83,-79,-83,-100,-100
205,D,1,18.56,0.0,sol en arka 2 .pencere yyanı duvar,-52,-54,-63,-77,-100,-72,-71,-79,-82,-100,-100
205,D,1,18.56,0.0,sol en arka 2 .pencere yanı duvar,-63,-56,-69,-79,-86,-82,-86,-86,-86,-100,-100
205,D,1,18.56,0.0,sol en arka 2 .pencere yanı duvar,-59,-56,-70,-100,-80,-77,-80,-90,-100,-100,-100
205,D,1,18.56,0.0,sol en arka 2 .pencere yanı duvar,-69,-58,-70,-100,-100,-82,-100,-100,-86,-100,-100
205,D,1,20.36,0.0,sol en arka 3. pencere,-34,-47,-62,-79,-100,-86,-100,-100,-100,-100,-100
205,D,1,20.36,0.0,sol en arka 3. pencere,-39,-47,-70,-71,-100,-73,-100,-100,-83,-100,-100
205,D,1,20.36,0.0,sol en arka 3. pencere,-40,-45,-65,-73,-75,-72,-100,-72,-77,-100,-100
205,D,1,20.36,0.0,sol en arka 3. pencere,-37,-46,-63,-76,-75,-79,-100,-72,-77,-100,-100
205,D,1,20.36,0.0,sol en arka 3. pencere,-100,-58,-70,-100,-100,-82,-69,-100,-86,-100,-100
205,D,1,20.36,0.0,sol en arka 3. pencere,-100,-54,-71,-87,-86,-84,-74,-88,-85,-100,-100
205,D,1,20.36,0.0,sol en arka 3. pencere,-61,-52,-67,-88,-100,-86,-100,-86,-86,-100,-100
205,D,1,2025-01-22 00:00:00,0.0,sol kursü yanı en köşe,-61,-50,-63,-86,-100,-86,-100,-100,-86,-100,-100
205,D,1,2025-01-22 00:00:00,0.0,sol kursü yanı en köşe,-60,-54,-77,-88,-86,-86,-69,-100,-86,-100,-100
205,D,1,2025-01-22 00:00:00,0.0,sol kursü yanı en köşe,-50,-58,-66,-100,-82,-100,-100,-76,-100,-100,-100
205,D,1,2025-01-22 00:00:00,0.0,sol kursü yanı en köşe,-45,-51,-65,-73,-78,-72,-100,-74,-77,-100,-100
205,D,1,11.55,3.37,en orta en arka sıra tarafı,-46,-54,-79,-79,-100,-100,-100,-100,-75,-100,-100
205,D,1,11.55,3.37,en orta en arka sıra tarafı,-54,-60,-78,-80,-100,-100,-100,-89,-81,-100,-100
205,D,1,11.55,3.37,en orta en arka sıra tarafı,-57,-64,-100,-86,-100,-100,-100,-100,-81,-100,-100
205,D,1,11.55,3.37,en orta en arka sıra tarafı,-58,-53,-78,-100,-100,-100,-72,-90,-76,-100,-100
205,D,1,11.55,3.37,en orta en arka sıra tarafı,-63,-58,-78,-79,-100,-100,-100,-100,-100,-100,-100
205,D,1,11.55,3.37,en orta en arka sıra tarafı,-62,-58,-86,-79,-86,-100,-86,-100,-100,-100,-100
205,D,1,2026-05-13 00:00:00,3.37,en orta 2. sıra masanın orta noktası,-51,-60,-74,-76,-100,-100,-100,-87,-82,-100,-100
205,D,1,2026-05-13 00:00:00,3.37,en orta 2. sıra masanın orta noktası,-49,-60,-74,-76,-100,-100,-100,-85,-84,-100,-100
205,D,1,2026-05-13 00:00:00,3.37,en orta 2. sıra masanın orta noktası,-58,-57,-78,-88,-100,-90,-68,-90,-75,-100,-100
205,D,1,2026-05-13 00:00:00,3.37,en orta 2. sıra masanın orta noktası,-63,-61,-76,-82,-100,-100,-100,-100,-100,-100,-100
205,D,1,14.55,3.37,en orta 4. sıra sandalye kısmı,-51,-61,-74,-75,-100,-100,-100,-85,-79,-100,-100
205,D,1,14.55,3.37,en orta 4. sıra sandalye kısmı,-53,-62,-74,-75,-100,-100,-100,-100,-74,-100,-100
205,D,1,14.55,3.37,en orta 4. sıra sandalye kısmı,-60,-59,-76,-84,-100,-100,-80,-90,-70,-100,-100
205,D,1,14.55,3.37,en orta 4. sıra sandalye kısmı,-58,-59,-100,-100,-86,-100,-100,-90,-100,-100,-100
205,D,1,14.55,3.37,en orta 4. sıra sandalye kısmı,-56,-58,-78,-80,-86,-100,-77,-90,-74,-100,-100
205,D,1,2026-05-16 00:00:00,3.37,en orta 5. sıra masa bası,-50,-62,-74,-76,-100,-100,-100,-100,-74,-100,-100
205,D,1,2026-05-16 00:00:00,3.37,en orta 5. sıra masa bası,-50,-64,-78,-77,-100,-100,-100,-85,-77,-100,-100
205,D,1,2026-05-16 00:00:00,3.37,en orta 5. sıra masa bası,-52,-65,-78,-100,-100,-100,-100,-85,-77,-100,-100
205,D,1,2026-05-16 00:00:00,3.37,en orta 5. sıra masa bası,-59,-62,-86,-100,-80,-100,-83,-100,-70,-100,-100
205,D,1,2026-05-16 00:00:00,3.37,en orta 5. sıra masa bası,-57,-62,-86,-84,-83,-90,-81,-86,-80,-100,-100
205,D,1,2026-05-16 00:00:00,3.37,en orta 5. sıra masa bası,-55,-57,-100,-100,-100,-100,-74,-100,-72,-100,-100
205,D,1,17.55,3.37,en orta 7. sıra masa başı,-55,-60,-78,-84,-100,-100,-100,-85,-78,-100,-100
205,D,1,17.55,3.37,en orta 7. sıra masa başı,-58,-55,-74,-77,-100,-100,-100,-100,-85,-100,-100
205,D,1,17.55,3.37,en orta 7. sıra masa başı,-56,-59,-81,-77,-100,-100,-79,-100,-80,-100,-100
205,D,1,17.55,3.37,en orta 7. sıra masa başı,-55,-55,-76,-86,-100,-100,-100,-86,-67,-100,-100
205,D,1,17.55,3.37,en orta 7. sıra masa başı,-59,-54,-76,-86,-100,-100,-80,-90,-69,-100,-100
205,D,1,2026-05-19 00:00:00,3.37,en orta 9.sıra sıra tarafı,-53,-57,-100,-74,-100,-100,-64,-79,-100,-100,-100
205,D,1,2026-05-19 00:00:00,3.37,en orta 9.sıra sıra tarafı,-53,-38,-100,-74,-100,-100,-64,-74,-100,-100,-100
205,D,1,2026-05-19 00:00:00,3.37,en orta 9.sıra sıra tarafı,-53,-38,-100,-74,-100,-100,-64,-74,-100,-100,-100
205,D,1,2026-05-19 00:00:00,3.37,en orta 9.sıra sıra tarafı,-68,-49,-70,-100,-100,-100,-63,-100,-100,-100,-100
205,D,1,2026-05-19 00:00:00,3.37,en orta 9.sıra sıra tarafı,-71,-46,-73,-84,-100,-84,-63,-82,-100,-100,-100
205,D,1,2026-05-19 00:00:00,3.37,en orta 9.sıra sıra tarafı,-72,-42,-78,-84,-100,-84,-67,-82,-100,-100,-100
205,D,1,2026-05-19 00:00:00,3.37,en orta 9.sıra sıra tarafı,-70,-40,-80,-100,-100,-90,-67,-86,-80,-100,-100
205,D,1,20.55,3.37,en orta basamak başı,-65,-40,-74,-83,-100,-100,-67,-86,-100,-100,-100
205,D,1,20.55,3.37,en orta basamak başı,-62,-41,-74,-82,-100,-84,-100,-100,-100,-100,-100
205,D,1,20.55,3.37,en orta basamak başı,-64,-42,-72,-100,-100,-100,-67,-100,-100,-100,-100
205,D,1,20.55,3.37,en orta basamak başı,-53,-38,-100,-74,-100,-100,-64,-74,-100,-100,-100
205,D,1,20.55,3.37,en orta basamak başı,-57,-46,-100,-76,-100,-100,-62,-78,-100,-100,-100
205,D,1,20.55,3.37,en orta basamak başı,-56,-45,-100,-75,-100,-100,-63,-77,-100,-100,-100
205,D,1,20.55,3.37,en orta tahta onu,-52,-39,-100,-73,-100,-100,-62,-78,-100,-100,-100
205,D,1,2026-05-22 00:00:00,3.37,en orta tahta onu,-49,-34,-100,-71,-100,-100,-59,-80,-100,-100,-100
205,D,1,2026-05-22 00:00:00,3.37,en orta tahta onu,-63,-43,-68,-79,-100,-83,-66,-100,-75,-100,-100
205,D,1,2026-05-22 00:00:00,3.37,en orta tahta onu,-64,-40,-68,-79,-100,-84,-63,-82,-65,-100,-100
205,D,1,11.67,4.98,sağ taraf en arka 1. sara en orta,-59,-42,-100,-71,-100,-100,-64,-80,-100,-100,-100
205,D,1,11.67,4.98,sağ taraf 1. sara en orta,-61,-47,-100,-100,-88,-100,-70,-84,-100,-100,-100
205,D,1,11.67,4.98,sağ taraf 1. sara en orta,-65,-50,-100,-100,-88,-100,-68,-100,-100,-100,-100
205,D,1,11.67,4.98,sağ taraf 1. sara en orta,-65,-47,-65,-76,-83,-100,-100,-100,-100,-100,-100
205,D,1,11.67,4.98,sağ taraf 1. sara en orta,-67,-55,-65,-79,-83,-100,-100,-100,-100,-100,-100
205,D,1,11.67,4.98,sağ taraf 1. sara en orta,-68,-55,-62,-82,-80,-100,-86,-100,-100,-100,-100
205,D,1,12.69,4.98,sağ taraf 2. sıra,-47,-47,-67,-100,-78,-84,-74,-85,-100,-100,-100
205,D,1,12.69,4.98,sağ taraf 2. sıra,-51,-49,-100,-67,-78,-84,-74,-89,-100,-100,-100
205,D,1,12.69,4.98,sağ taraf 2. sıra,-63,-53,-60,-100,-100,-100,-74,-83,-86,-100,-100
205,D,1,12.69,4.98,sağ taraf 2. sıra,-62,-54,-61,-100,-80,-100,-100,-100,-100,-100,-100
205,D,1,13.61,4.98,sağ taraf 3.sıra,-61,-52,-64,-100,-86,-100,-80,-100,-100,-100,-100
205,D,1,13.61,4.98,sağ taraf 3.sıra,-61,52,-66,-100,-100,-100,-80,-100,-86,-100,-100
205,D,1,13.61,4.98,sağ taraf 3.sıra,-65,-51,-67,-100,-100,-100,-80,-100,-100,-100,-100
205,D,1,13.61,4.98,sağ taraf 3.sıra,-54,-47,-60,-100,-85,-89,-72,-100,-100,-100,-100
205,D,1,13.61,4.98,sağ taraf 3.sıra,-53,-50,-60,-73,-85,-87,-72,-83,-100,-100,-100
205,D,1,14.53,4.98,sağ taraf 4.sıra,-63,-44,-61,-81,-100,-90,-76,-90,-100,-100,-100
205,D,1,14.53,4.98,sağ taraf 4.sıra,-62,-50,-61,-80,-100,-90,-80,-100,-100,-100,-100
205,D,1,14.53,4.98,sağ taraf 4.sıra,-50,-54,-59,-73,-100,-87,-100,-83,-100,-100,-100
205,D,1,14.53,4.98,sağ taraf 4.sıra,-47,-100,-59,-73,-100,-89,-100,-84,-100,-100,-100
205,D,1,15.44,4.98,sağ taraf 5.sıra,-58,-45,-65,-86,-100,-90,-80,-100,-86,-100,-100
205,D,1,15.44,4.98,sağ taraf 5.sıra,-56,-44,-68,-100,-86,-90,-80,-100,-80,-100,-100
205,D,1,15.44,4.98,sağ taraf 5.sıra,-47,-44,-64,-73,-91,-84,-77,-84,-100,-100,-100
205,D,1,15.44,4.98,sağ taraf 5.sıra,-48,-44,-69,-100,-91,-80,-77,-100,-100,-100,-100
205,D,1,15.44,4.98,sağ taraf 5.sıra,-53,-44,-67,-73,-100,-88,-77,-81,-86,-100,-100
205,D,1,16.37,4.98,sağ taraf 6.sıra,-57,-39,-67,-100,-80,-88,-72,-86,-100,-100,-100
205,D,1,16.37,4.98,sağ taraf 6.sıra,-58,-37,-65,-100,-100,-85,-74,-88,-86,-100,-100
205,D,1,16.37,4.98,sağ taraf 6.sıra,-48,-42,-73,-76,-100,-85,-77,-83,-100,-100,-100
205,D,1,16.37,4.98,sağ taraf 6.sıra,-44,-40,-73,-100,-100,-84,-81,-100,-100,-100,-100
205,D,1,17.32,4.98,sağ taraf 7.sıra,-58,-100,-69,-100,-100,-86,-100,-100,-80,-100,-100
205,D,1,17.32,4.98,sağ taraf 7.sıra,-61,-34,-69,-100,-100,-86,-100,-100,-100,-100,-100
205,D,1,17.32,4.98,sağ taraf 7.sıra,-45,-42,-73,-100,-100,-81,-74,-100,-100,-100,-100
205,D,1,17.32,4.98,sağ taraf 7.sıra,-47,-44,-100,-100,-100,-78,-68,-100,-100,-100,-100
205,D,1,18.24,4.98,sağ taraf 8.sıra,-48,-37,-66,-100,-76,-78,-66,-100,-100,-100,-100
205,D,1,18.24,4.98,sağ taraf 8.sıra,-49,-31,-66,-100,-76,-79,-65,-100,-100,-100,-100
205,D,1,18.24,4.98,sağ taraf 8.sıra,-58,-42,-62,-73,-86,-100,-80,-100,-86,-100,-100
205,D,1,18.24,4.98,sağ taraf 8.sıra,-62,-31,-100,-84,-100,-88,-69,-88,-100,-100,-100
205,D,1,19.15,4.98,sağ taraf 9.sıra,-60,-42,-62,-75,-100,-100,-69,-79,-100,-100,-100
205,D,1,19.15,4.98,sağ taraf 9.sıra,-58,-46,-68,-76,-100,-86,-70,-100,-100,-100,-100
205,D,1,19.15,4.98,sağ taraf 9.sıra,-53,-34,-66,-100,-76,-78,-68,-100,-100,-100,-100
205,D,1,19.15,4.98,sağ taraf 9.sıra,-57,-37,-100,-100,-100,-78,-71,-100,-100,-100,-100
205,D,1,11.15,6.76,sağ arka en köşe 1. sıra yani,-65,-48,-60,-68,-100,-100,-83,-90,-100,-100,-100
205,D,1,11.15,6.76,sağ arka en köşe 1. sıra yani,-63,-48,-52,-68,-100,-100,-80,-90,-100,-100,-100
205,D,1,11.15,6.76,sağ arka en köşe 1. sıra yani,-55,-47,-49,-100,-100,-80,-81,-86,-100,-100,-100
205,D,1,11.15,6.76,sağ arka en köşe 1. sıra yani,-66,-50,-51,-100,-83,-80,-77,-100,-100,-100,-100
205,D,1,12.87,6.76,en  sağa en arka ikinci sıra askılık yanı duvar,-64,-53,-54,-100,-100,-100,-73,-100,-86,-100,-100
205,D,1,12.87,6.76,en  sağa en arka ikinci sıra askılık yanı duvar,-62,-56,-62,-100,-100,-100,-100,-76,-100,-100,-100
205,D,1,12.87,6.76,en  sağa en arka ikinci sıra askılık yanı duvar,-58,-54,-62,-72,-100,-86,-69,-100,-100,-100,-100
205,D,1,12.87,6.76,en  sağa en arka ikinci sıra askılık yanı duvar,-57,-100,-62,-100,-100,-86,-69,-100,-100,-100,-100
205,D,1,14.82,6.76,en sağ en arka 4. sıra duvar tarafı,-51,-48,-65,-70,-100,-89,-79,-86,-100,-100,-100
205,D,1,14.82,6.76,en sağ en arka 4. sıra duvar tarafı,-50,-46,-65,-68,-100,-89,-100,-86,-100,-100,-100
205,D,1,14.82,6.76,en sağ en arka 4. sıra duvar tarafı,-63,-56,-63,-77,-100,-90,-100,-100,-100,-100,-100
205,D,1,14.82,6.76,en sağ en arka 4. sıra duvar tarafı,-64,-52,-67,-79,-100,-100,-100,-100,-100,-100,-100
205,D,1,16.62,6.76,en sağ en arka duvar 6.sıra taraf,-61,-49,-70,-100,-100,-86,-76,-100,-100,-100,-100
205,D,1,16.62,6.76,en sağ en arka duvar 6.sıra taraf,-57,-55,-70,-100,-100,-85,-100,-100,-100,-100,-100
205,D,1,16.62,6.76,en sağ en arka duvar 6.sıra taraf,-49,-46,-68,-71,-100,-88,-79,-86,-100,-100,-100
205,D,1,16.62,6.76,en sağ en arka duvar 6.sıra taraf,-51,-100,-72,-74,-100,-87,-79,-100,-100,-100,-100
205,D,1,18.56,6.76,en sağ en arka duvar 8. sıra tarafı,-61,-39,-67,-100,-86,-90,-72,-86,-100,-100,-100
205,D,1,18.56,6.76,en sağ en arka duvar 8. sıra tarafı,-62,-31,-67,-100,-86,-90,-100,-100,-100,-100,-100
205,D,1,18.56,6.76,en sağ en arka duvar 8. sıra tarafı,-67,-39,-64,-90,-100,-90,-68,-100,-100,-100,-100
205,D,1,18.56,6.76,en sağ en arka duvar 8. sıra tarafı,-56,-41,-69,-100,-82,-75,-74,-100,-100,-100,-100
205,D,1,18.56,6.76,en sağ en arka duvar 8. sıra tarafı,-55,-38,-71,-100,-82,-75,-74,-86,-89,-100,-100
205,D,1,20.36,6.76,en sağ en arka duvar 9. sıra tarafı,-67,-52,-58,-100,-86,-82,-70,-84,-80,-100,-100
205,D,1,20.36,6.76,en sağ en arka duvar 9. sıra tarafı,-69,-43,-69,-100,-86,-82,-74,-84,-80,-100,-100
205,D,1,20.36,6.76,en sağ en arka duvar 9. sıra tarafı,-55,-33,-65,-77,-100,-100,-69,-80,-100,-100,-100
205,D,1,20.36,6.76,en sağ en arka duvar 9. sıra tarafı,-56,-32,-63,-77,-100,-100,-67,-78,-100,-100,-100
205,D,1,2025-01-22 00:00:00,6.76,en sağ kapı tarafı,-72,-48,-70,-86,-86,-84,-73,-80,-74,-100,-100
205,D,1,2025-01-22 00:00:00,6.76,en sağ kapı tarafı,-72,-54,-68,-82,-86,-84,-72,-80,-68,-100,-100
205,D,1,2025-01-22 00:00:00,6.76,en sağ kapı tarafı,-55,-46,-60,-100,-100,-100,-66,-100,-79,-100,-100
205,D,1,2025-01-22 00:00:00,6.76,en sağ kapı tarafı,-62,-48,-73,-100,-100,-100,-76,-100,-100,-100,-100
206,D,1,22.30,0,sol en köşe,-70,-65,-100,-86,-91,-80,-74,-87,-100,-88,-87
206,D,1,22.30,0,sol en köşe,-71,-63,-100,-87,-100,-81,-78,-87,-100,-100,-100
206,D,1,22.30,0,sol en köşe,-71,-64,-100,-87,-100,-80,-75,-86,-100,-100,-100
206,D,1,22.30,0,sol en köşe,-76,-77,-100,-100,-100,-82,-70,-100,-100,-100,-86
206,D,1,22.30,0,sol en köşe,-74,-76,-100,-100,-100,-82,-70,-100,-100,-100,-90
206,D,1,24.15,0,sol ilk pencere,-100,-100,-100,-91,-100,-77,-69,-88,-100,-78,-79
206,D,1,24.15,0,sol ilk pencere,-100,-66,-100,-93,-100,-78,-66,-89,-100,-80,-79
206,D,1,24.15,0,sol ilk pencere,-100,-73,-74,-100,-100,-81,-67,-100,-100,-100,-84
206,D,1,24.15,0,sol ilk pencere,-86,-71,-75,-90,-86,-79,-67,-90,-86,-86,-100
206,D,1,24.15,0,sol ilk pencere,-100,-72,-76,-100,-100,-76,-74,-100,-85,-100,-76
206,D,1,2025-10-26 00:00:00,0,sol 1. pencere yanı duvar,-75,-67,-100,-100,-100,-86,-73,-90,-100,-100,-100
206,D,1,2025-10-26 00:00:00,0,sol 1. pencere yanı duvar,-75,-66,-100,-93,-100,-81,-69,-100,-100,-82,-80
206,D,1,2025-10-26 00:00:00,0,sol 1. pencere yanı duvar,-100,-66,-100,-100,-100,-77,-66,-100,-100,-82,-80
206,D,1,2025-10-26 00:00:00,0,sol 1. pencere yanı duvar,-72,-68,-76,-100,-100,-80,-67,-90,-86,-86,-100
206,D,1,2025-10-26 00:00:00,0,sol 1. pencere yanı duvar,-73,-67,-100,-100,-100,-82,-63,-100,-86,-86,-86
206,D,1,27.90,0,sol 2.pencere,-75,-69,-74,-100,-100,-83,-73,-90,-84,-77,-100
206,D,1,27.90,0,sol 2.pencere,-78,-66,-100,-85,-100,-76,-100,-100,-84,-77,-100
206,D,1,27.90,0,sol 2.pencere,-100,-71,-76,-87,-100,-75,-74,-100,-81,-100,-78
206,D,1,27.90,0,sol 2.pencere,-75,-67,-76,-100,-100,-79,-68,-90,-86,-76,-86
206,D,1,27.90,0,sol 2.pencere,-72,-68,-100,-100,-100,-80,-70,-100,-86,-100,-100
206,D,1,29.82,0,sol 2. pencere yanı duvar,-69,-76,-80,-87,-89,-83,-82,-89,-86,-87,-80
206,D,1,29.82,0,sol 2. pencere yanı duvar,-100,-79,-78,-93,-100,-84,-77,-93,-100,-100,-80
206,D,1,29.82,0,sol 2. pencere yanı duvar,-100,-72,-100,-89,-100,-80,-80,-90,-100,-100,-81
206,D,1,29.82,0,sol 2. pencere yanı duvar,-79,-69,-76,-100,-100,-80,-68,-100,-86,-100,-82
206,D,1,29.82,0,sol 2. pencere yanı duvar,-77,-78,-86,-100,-100,-82,-73,-100,-100,-100,-86
206,D,1,31.60,0,sol 3. pencere,-100,-74,-80,-85,-100,-82,-79,-89,-100,-100,-80
206,D,1,31.60,0,sol 3. pencere,-100,-70,-79,-88,-100,-84,-76,-92,-100,-75,-100
206,D,1,31.60,0,sol 3. pencere,-75,-74,-80,-100,-100,-79,-72,-100,-86,-100,-86
206,D,1,31.60,0,sol 3. pencere,-75,-66,-80,-100,-100,-79,-100,-100,-86,-100,-90
206,D,1,33.50,0,sol 3.pencere yanı duvar,-100,-73,-81,-100,-100,-77,-70,-89,-100,-100,-81
206,D,1,33.50,0,sol 3.pencere yanı duvar,-84,-82,-78,-100,-100,-84,-78,-100,-100,-100,-100
206,D,1,33.50,0,sol 3.pencere yanı duvar,-80,-83,-79,-100,-96,-77,-76,-90,-87,-100,-100
206,D,1,35.75,0,sol en köşe kapı karşısı,-100,-72,-78,-95,-86,-81,-74,-88,-75,-100,-80
206,D,1,35.75,0,sol en köşe kapı karşısı,-100,-75,-87,-100,-100,-87,-86,-100,-100,-93,-95
206,D,1,35.75,0,sol en köşe kapı karşısı,-100,-79,-100,-100,-100,-85,-81,-100,-100,-91,-94
206,D,1,23.32,173,sol en arka 1.sıra,-73,-66,-100,-92,-100,-78,-71,-87,-100,-88,-82
206,D,1,23.32,173,sol en arka 1.sıra,-75,-100,-84,-88,-100,-74,-72,-86,-100,-100,-89
206,D,1,23.32,173,sol en arka 1.sıra,-100,-100,-84,-91,-100,-73,-72,-87,-100,-100,-100
206,D,1,23.32,173,sol en arka 1.sıra,-75,-66,-80,-90,-100,-79,-74,-100,-100,-86,-90
206,D,1,23.32,173,sol en arka 1.sıra,-73,-70,-78,-90,-86,-72,-60,-100,-85,-86,-100
206,D,1,23.32,173,sol en arka 1.sıra,-100,-76,-100,-100,-86,-73,-62,-100,-85,-100,-100
206,D,1,2025-12-24 00:00:00,173,sol en arka 2.sıra,-71,-68,-78,-89,-95,-78,-66,-87,-92,-89,-81
206,D,1,2025-12-24 00:00:00,173,sol en arka 2.sıra,-78,-75,-83,-100,-100,-78,-72,-91,-100,-100,-89
206,D,1,2025-12-24 00:00:00,173,sol en arka 2.sıra,-72,-77,-83,-100,-100,-75,-75,-89,-100,-100,-82
206,D,1,2025-12-24 00:00:00,173,sol en arka 2.sıra,-72,-76,-100,-90,-100,-73,-61,-100,-85,-86,-86
206,D,1,2025-12-24 00:00:00,173,sol en arka 2.sıra,-69,-65,-77,-90,-100,-75,-58,-100,-86,-100,-86
206,D,1,2025-12-24 00:00:00,173,sol en arka 2.sıra,-71,-68,-80,-100,-100,-75,-57,-100,-86,-100,-100
206,D,1,2025-07-25 00:00:00,173,sol en arka 3.sıra,-73,-71,-100,-86,-100,-100,-74,-91,-100,-81,-81
206,D,1,2025-07-25 00:00:00,173,sol en arka 3.sıra,-100,-65,-100,-84,-86,-100,-59,-89,-89,-95,-81
206,D,1,2025-07-25 00:00:00,173,sol en arka 3.sıra,-100,-66,-100,-84,-100,-100,-59,-89,-91,-100,-82
206,D,1,2025-07-25 00:00:00,173,sol en arka 3.sıra,-77,-69,-86,-100,-100,-86,-71,-100,-86,-100,-100
206,D,1,2025-07-25 00:00:00,173,sol en arka 3.sıra,-80,-71,-86,-100,-100,-84,-68,-100,-86,-100,-100
206,D,1,2025-07-25 00:00:00,173,sol en arka 3.sıra,-78,-74,-86,-100,-86,-79,-63,-100,-86,-100,-100
206,D,1,26.47,173,sol en arka 4.sıra,-100,-61,-100,-85,-100,-73,-61,-78,-85,-80,-72
206,D,1,26.47,173,sol en arka 4.sıra,-100,-60,-74,-84,-100,-71,-61,-82,-84,-80,-72
206,D,1,26.47,173,sol en arka 4.sıra,-75,-81,-74,-100,-100,-77,-72,-100,-86,-100,-88
206,D,1,26.47,173,sol en arka 4.sıra,-76,-72,-80,-100,-86,-79,-71,-90,-81,-100,-90
206,D,1,26.47,173,sol en arka 4.sıra,-100,-100,-100,-100,-100,-72,-72,-89,-65,-100,-100
206,D,1,26.47,173,sol en arka 4.sıra,-77,-76,-76,-100,-100,-82,-68,-100,-86,-100,-90
206,D,1,27.39,173,sol en arka 5.sıra,-67,-66,-100,-84,-100,-68,-68,-84,-80,-100,-69
206,D,1,27.39,173,sol en arka 5.sıra,-69,-69,-100,-100,-100,-67,-64,-100,-100,-100,-100
206,D,1,27.39,173,sol en arka 5.sıra,-77,-72,-74,-100,-86,-100,-76,-100,-86,-100,-86
206,D,1,27.39,173,sol en arka 5.sıra,-82,-74,-100,-100,-100,-80,-68,-100,-100,-100,-86
206,D,1,27.39,173,sol en arka 5.sıra,-100,-65,-100,-100,-100,-70,-65,-84,-78,-100,-100
206,D,1,27.39,173,sol en arka 5.sıra,-77,-76,-83,-100,-100,-78,-66,-100,-100,-100,-82
206,D,1,28.35,173,sol en arka 6.sıra,-70,-51,-76,-90,-80,-76,-69,-100,-83,-100,-82
206,D,1,28.35,173,sol en arka 6.sıra,-78,-56,-80,-100,-100,-76,-65,-100,-86,-100,-82
206,D,1,28.35,173,sol en arka 6.sıra,-69,-55,-81,-87,-100,-71,-61,-83,-100,-100,-91
206,D,1,28.35,173,sol en arka 6.sıra,-69,-58,-81,-87,-100,-71,-61,-83,-80,-100,-100
206,D,1,30.67,173,sol en arka 8.sıra,-67,-64,-100,-100,-100,-100,-62,-100,-87,-100,-100
206,D,1,30.67,173,sol en arka 8.sıra,-84,-63,-80,-100,-100,-100,-69,-100,-86,-86,-86
206,D,1,30.67,173,sol en arka 8.sıra,-84,-57,-80,-100,-100,-100,-70,-100,-86,-86,-100
206,D,1,30.67,173,sol en arka 8.sıra,-69,-58,-77,-100,-100,-100,-63,-100,-100,-100,-100
206,D,1,32.57,173,sol en arka 10.sıra,-81,-67,-100,-100,-100,-82,-69,-100,-86,-86,-82
206,D,1,32.57,173,sol en arka 10.sıra,-82,-63,-100,-100,-86,-82,-80,-100,-100,-86,-86
206,D,1,32.57,173,sol en arka 10.sıra,-69,-59,-77,-100,-100,-100,-64,-100,-100,-100,-100
206,D,1,32.57,173,sol en arka 10.sıra,-68,-56,-100,-100,-100,-100,-65,-100,-100,-100,-100
206,D,1,34.77,173,kürsü tarafı,-69,-59,-100,-100,-100,-100,-65,-100,-100,-84,-100
206,D,1,34.77,173,kürsü tarafı,-71,-62,-100,-100,-100,-100,-68,-100,-100,-89,-100
206,D,1,34.77,173,kürsü tarafı,-81,-62,-100,-100,-86,-81,-76,-100,-100,-86,-86
206,D,1,34.77,173,kürsü tarafı,-80,-61,-100,-100,-100,-80,-72,-100,-100,-100,-100
206,D,1,23.32,503,sen sağ en arka 1. sıra,-69,-54,-65,-100,-100,-100,-70,-100,-84,-100,-100
206,D,1,23.32,503,sen sağ en arka 1. sıra,-80,-61,-76,-90,-100,-79,-66,-90,-86,-100,-100
206,D,1,23.32,503,sen sağ en arka 1. sıra,-79,-57,-78,-90,-100,-80,-66,-90,-86,-100,-100
206,D,1,23.32,503,sen sağ en arka 1. sıra,-100,-46,-60,-100,-77,-100,-68,-100,-78,-100,-100
206,D,1,23.32,503,sen sağ en arka 1. sıra,-68,-50,-70,-100,-100,-100,-68,-100,-76,-100,-100
206,D,1,2026-12-25 00:00:00,503,sen sağ en arka 3. sıra,-80,-74,-69,-100,-86,-80,-68,-86,-100,-86,-100
206,D,1,2026-12-25 00:00:00,503,sen sağ en arka 3. sıra,-80,-61,-80,-100,-100,-79,-68,-88,-86,-86,-100
206,D,1,2026-12-25 00:00:00,503,sen sağ en arka 3. sıra,-80,-60,-80,-100,-100,-79,-68,-90,-86,-86,-100
206,D,1,2026-12-25 00:00:00,503,sen sağ en arka 3. sıra,-74,-51,-100,-100,-100,-100,-63,-100,-100,-100,-100
206,D,1,2026-12-25 00:00:00,503,sen sağ en arka 3. sıra,-71,-59,-100,-100,-89,-100,-60,-100,-100,-100,-100
206,D,1,26.92,503,en sağ en arka 5. sıra,-82,-67,-86,-90,-100,-77,-66,-90,-100,-86,-100
206,D,1,26.92,503,en sağ en arka 5. sıra,-69,-52,-100,-100,-100,-100,-63,-100,-81,-86,-100
206,D,1,26.92,503,en sağ en arka 5. sıra,-68,-53,-100,-100,-89,-100,-61,-100,-100,-100,-100
206,D,1,26.92,503,en sağ en arka 5. sıra,-71,-59,-100,-100,-89,-100,-60,-100,-100,-100,-100
206,D,1,28.72,503,en sağ 7. sıra,-90,-63,-80,-100,-86,-84,-67,-90,-86,-86,-100
206,D,1,28.72,503,en sağ 7. sıra,-84,-66,-80,-100,-100,-82,-76,-100,-100,-86,-100
206,D,1,28.72,503,en sağ 7. sıra,-73,-59,-100,-100,-100,-100,-68,-100,-82,-86,-100
206,D,1,28.72,503,en sağ 7. sıra,-71,-59,-75,-100,-100,-100,-63,-100,-89,-100,-100
206,D,1,28.72,503,en sağ 7. sıra,-70,-60,-75,-100,-100,-100,-63,-100,-89,-100,-100
206,D,1,30.52,503,en sağ  9. sıra,-71,-64,-79,-100,-100,-100,-66,-100,-79,-100,-100
206,D,1,30.52,503,en sağ  9. sıra,-73,-68,-79,-100,-100,-100,-66,-100,-79,-100,-100
206,D,1,30.52,503,en sağ  9. sıra,-90,-69,-100,-100,-100,-84,-75,-100,-86,-86,-79
206,D,1,30.52,503,en sağ  9. sıra,-90,-70,-100,-100,-100,-100,-74,-100,-86,-100,-79
206,D,1,34.12,503,en sağ kursu yanı sağ 10. sıra önu,-81,-64,-81,-100,-86,-83,-69,-100,-86,-86,-86
206,D,1,34.12,503,en sağ kursu yanı sağ 10. sıra önu,-82,-65,-76,-100,-100,-82,-67,-100,-86,-100,-86
206,D,1,34.12,503,en sağ kursu yanı sağ 10. sıra önu,-73,-65,-79,-100,-100,-100,-69,-100,-79,-100,-100
206,D,1,34.12,503,en sağ kursu yanı sağ 10. sıra önu,-73,-64,-100,-100,-100,-100,-72,-100,-100,-83,-100
206,D,1,22.45,338,en orta en arka 1. sıra yanı,-69,-52,-70,-100,-100,-100,-64,-100,-100,-83,-100
206,D,1,22.45,338,en orta en arka 1. sıra yanı,-100,-49,-76,-100,-100,-100,-70,-100,-100,-90,-100
206,D,1,22.45,338,en orta en arka 1. sıra yanı,-74,-53,-80,-90,-86,-73,-65,-100,-86,-80,-100
206,D,1,22.45,338,en orta en arka 1. sıra yanı,-79,-57,-86,-90,-100,-73,-62,-100,-80,-100,-100
206,D,1,23.95,338,en orta 2.sıra yanı,-78,-57,-86,-90,-100,-74,-61,-100,-83,-100,-100
206,D,1,23.95,338,en orta 2.sıra yanı,-80,-58,-86,-100,-86,-76,-71,-100,-86,-100,-100
206,D,1,23.95,338,en orta 2.sıra yanı,-70,-53,-75,-100,-100,-100,-68,-100,-100,-78,-100
206,D,1,23.95,338,en orta 2.sıra yanı,-70,-56,-81,-100,-100,-100,-68,-100,-100,-78,-100
206,D,1,25.95,338,en orta 4.sıra yanı,-88,-66,-80,-87,-86,-81,-72,-84,-76,-66,-100
206,D,1,25.95,338,en orta 4.sıra yanı,-86,-65,-100,-90,-100,-80,-70,-100,-100,-100,-100
206,D,1,25.95,338,en orta 4.sıra yanı,-68,-56,-77,-100,-100,-72,-65,-100,-100,-76,-100
206,D,1,25.95,338,en orta 4.sıra yanı,-66,-55,-77,-82,-100,-72,-65,-84,-100,-76,-85
206,D,1,25.95,338,en orta 4.sıra yanı,-64,-55,-100,-100,-100,-72,-72,-100,-100,-76,-87
206,D,1,27.95,338,en orta 2. pencere yanı,-84,-68,-86,-90,-100,-81,-78,-100,-86,-74,-90
206,D,1,25.95,338,en orta 2. pencere yanı,-84,-63,-86,-100,-100,-81,-76,-100,-86,-100,-90
206,D,1,25.95,338,en orta 2. pencere yanı,-72,-62,-71,-100,-100,-69,-77,-100,-100,-70,-100
206,D,1,25.95,338,en orta 2. pencere yanı,-72,-60,-71,-100,-100,-69,-77,-84,-100,-70,-100
206,D,1,25.95,338,en orta 2. pencere yanı,-75,-59,-100,-100,-100,-71,-77,-84,-100,-100,-100
206,D,1,27.95,338,en orta 7. sıra yanı,-85,-61,-86,-100,-100,-83,-80,-100,-86,-73,-88
206,D,1,27.95,338,en orta 7. sıra yanı,-82,-62,-83,-100,-100,-83,-86,-100,-100,-74,-86
206,D,1,27.95,338,en orta 7. sıra yanı,-75,-54,-72,-100,-100,-71,-73,-84,-100,-100,-100
206,D,1,27.95,338,en orta 7. sıra yanı,-75,-52,-72,-100,-100,-71,-71,-84,-100,-100,-100
206,D,1,27.95,338,en orta 7. sıra yanı,-76,-50,-72,-100,-100,-71,-69,-100,-100,-100,-100
206,D,1,29.95,338,en orta 3. pencere yanı,-84,-62,-80,-100,-100,-82,-80,-100,-86,-100,-86
206,D,1,29.95,338,en orta 3. pencere yanı,-86,-63,-100,-100,-100,-100,-100,-100,-86,-100,-100
206,D,1,29.95,338,en orta 3. pencere yanı,-77,-60,-72,-100,-100,-73,-77,-100,-100,-100,-100
206,D,1,29.95,338,en orta 3. pencere yanı,-78,-71,-100,-100,-100,-75,-76,-100,-100,-100,-100
206,D,1,31.95,338,en orta kürsü yanı,-82,-65,-86,-100,-100,-84,-100,-100,-86,-100,-90
206,D,1,31.95,338,en orta kürsü yanı,-79,-68,-86,-100,-100,-87,-100,-100,-86,-72,-90
206,D,1,31.95,338,en orta kürsü yanı,-73,-70,-100,-89,-100,-78,-81,-100,-100,-100,-100
206,D,1,31.95,338,en orta kürsü yanı,-69,-70,-100,-89,-100,-76,-74,-80,-82,-100,-100
206,D,1,33.45,338,en orta tahta önü,-80,-69,-100,-100,-86,-90,-80,-100,-86,-76,-90
206,D,1,33.45,338,en orta tahta önü,-84,-70,-76,-100,-100,-82,-72,-100,-100,-74,-100
206,D,1,33.45,338,en orta tahta önü,-70,-65,-100,-100,-100,-72,-73,-80,-82,-100,-100
206,D,1,33.45,338,en orta tahta önü,-69,-62,-100,-100,-100,-72,-73,-80,-82,-100,-100
206,D,1,33.45,338,en orta tahta önü,-69,-60,-100,-100,-100,-74,-100,-81,-82,-100,-100
206,D,1,22.30,503,en sağ en köşe 1. sıra tarafı,-77,-57,-72,-86,-86,-100,-73,-82,-100,-100,-90
206,D,1,22.30,503,en sağ en köşe 1. sıra tarafı,-79,-58,-76,-100,-100,-73,-100,-82,-100,-100,-90
206,D,1,22.30,503,en sağ en köşe 1. sıra tarafı,-70,-59,-100,-76,-100,-70,-68,-80,-100,-100,-100
206,D,1,22.30,503,en sağ en köşe 1. sıra tarafı,-70,-58,-100,-76,-100,-68,-68,-79,-85,-100,-100
206,D,1,24.15,503,en sağ 1. pencere karşısı duvar,-80,-52,-74,-100,-86,-84,-65,-88,-80,-80,-100
206,D,1,24.15,503,en sağ 1. pencere karşısı duvar,-69,-52,-74,-80,-84,-65,-64,-100,-72,-73,-100
206,D,1,24.15,503,en sağ 1. pencere karşısı duvar,-69,-53,-74,-80,-100,-66,-63,-100,-69,-100,-100
206,D,1,2025-10-26 00:00:00,503,en sağ 1. ve 2. pencere arası duvar askılık tarafı,-79,-54,-86,-100,-86,-83,-64,-90,-76,-86,-86
206,D,1,2025-10-26 00:00:00,503,en sağ 1. ve 2. pencere arası duvar askılık tarafı,-79,-57,-86,-100,-100,-82,-100,-100,-76,-100,-86
206,D,1,2025-10-26 00:00:00,503,en sağ 1. ve 2. pencere arası duvar askılık tarafı,-71,-52,-69,-83,-100,-72,-74,-82,-85,-100,-100
206,D,1,2025-10-26 00:00:00,503,en sağ 1. ve 2. pencere arası duvar askılık tarafı,-69,-52,-70,-100,-100,-72,-67,-100,-100,-100,-100
206,D,1,2025-10-26 00:00:00,503,en sağ 1. ve 2. pencere arası duvar askılık tarafı,-67,-53,-72,-86,-100,-73,-61,-79,-79,-100,-100
206,D,1,27.90,503,en sağ 2. pencere karşısı duvar askılık tarafı,-79,-58,-86,-100,-100,-76,-72,-100,-100,-100,-86
206,D,1,27.90,503,en sağ 2. pencere karşısı duvar askılık tarafı,-73,-54,-68,-86,-100,-69,-75,-76,-71,-73,-100
206,D,1,27.90,503,en sağ 2. pencere karşısı duvar askılık tarafı,-73,-54,-68,-86,-100,-69,-75,-76,-71,-73,-100
206,D,1,29.82,503,en sağ 2. ve 3. pencere arası duvar,-84,-68,-86,-100,-86,-82,-78,-100,-86,-80,-88
206,D,1,29.82,503,en sağ 2. ve 3. pencere arası duvar,-86,-69,-100,-100,-100,-100,-76,-100,-86,-100,-90
206,D,1,29.82,503,en sağ 2. ve 3. pencere arası duvar,-74,-58,-68,-100,-87,-73,-74,-100,-100,-74,-100
206,D,1,29.82,503,en sağ 2. ve 3. pencere arası duvar,-76,-63,-100,-100,-87,-78,-73,-100,-86,-75,-100
206,D,1,31.60,503,en sağ 3. pencere karşısı duvar telefonluk tarafı,-88,-65,-76,-100,-100,-80,-73,-100,-86,-74,-86
206,D,1,31.60,503,en sağ 3. pencere karşısı duvar telefonluk tarafı,-90,-61,-76,-100,-100,-80,-70,-100,-100,-74,-82
206,D,1,31.60,503,en sağ 3. pencere karşısı duvar telefonluk tarafı,-74,-61,-100,-100,-87,-76,-72,-86,-83,-72,-100
206,D,1,31.60,503,en sağ 3. pencere karşısı duvar telefonluk tarafı,-73,-59,-100,-100,-100,-75,-71,-86,-80,-70,-100
206,D,1,33.50,503,en sağ kürsü karşısı kapı tarafı,-86,-61,-100,-100,-100,-79,-74,-100,-86,-72,-88
206,D,1,33.50,503,en sağ kürsü karşısı kapı tarafı,-86,-64,-100,-100,-100,-79,-100,-100,-86,-100,-86
206,D,1,33.50,503,en sağ kürsü karşısı kapı tarafı,-76,-61,-84,-73,-100,-75,-72,-86,-80,-70,-100
206,D,1,33.50,503,en sağ kürsü karşısı kapı tarafı,-80,-64,-84,-73,-100,-100,-74,-100,-100,-100,-100
206,D,1,35.75,503,en sağ en köşe kapı tarafı,-79,-66,-80,-90,-100,-82,-86,-100,-86,-74,-81
206,D,1,35.75,503,en sağ en köşe kapı tarafı,-79,-70,-80,-90,-100,-82,-86,-100,-86,-74,-76
206,D,1,35.75,503,en sağ en köşe kapı tarafı,-75,-67,-80,-80,-100,-71,-76,-100,-88,-100,-100
206,D,1,35.75,503,en sağ en köşe kapı tarafı,-70,-70,-77,-88,-100,-71,-78,-100,-88,-100,-100
